{
    "accuracy": 0.75,
    "precision_0": 0.7307692307692307,
    "recall_0": 0.8636363636363636,
    "precision_1": 0.7857142857142857,
    "recall_1": 0.6111111111111112,
    "f1_score_0": 0.7916666666666666,
    "f1_score_1": 0.6875
}